"HITId","HITTypeId","Title","Description","Keywords","Reward","CreationTime","MaxAssignments","RequesterAnnotation","AssignmentDurationInSeconds","AutoApprovalDelayInSeconds","Expiration","NumberOfSimilarHITs","LifetimeInSeconds","AssignmentId","WorkerId","AssignmentStatus","AcceptTime","SubmitTime","AutoApprovalTime","ApprovalTime","RejectionTime","RequesterFeedback","WorkTimeInSeconds","LifetimeApprovalRate","Last30DaysApprovalRate","Last7DaysApprovalRate","Input.embedding_name","Input.clue","Input.word0","Input.word1","Input.word2","Input.word3","Input.word4","Input.word5","Input.word6","Input.word7","Input.word8","Input.word9","Input.word10","Input.word11","Input.word12","Input.word13","Input.word14","Input.word15","Input.word16","Input.word17","Input.word18","Input.word19","Answer.rank1","Answer.rank2","Answer.rank3","Answer.rank4","Approve","Reject"
"3CVDZS289N08EYOCTUO16FWK8HYMFT","3SC1WC0NS97QRB6RV0NZ09NV95JBOD","Codenames Research","Codenames Research","sentiment, text","$0.05","Sun Aug 23 18:06:13 PDT 2020","3","BatchId:291092;OriginalHitTemplateId:921587277;","3600","259200","Sun Aug 30 18:06:13 PDT 2020","","","3WYGZ5XF32FPEZRP44GMNLIBAXJKSJ","A36SP6892F5CYS","Submitted","Sun Aug 23 18:59:05 PDT 2020","Sun Aug 23 18:59:32 PDT 2020","Wed Aug 26 18:59:32 PDT 2020","","","","27","100% (2/2)","100% (2/2)","100% (2/2)","gloveWithHeuristicsTrial0","station","grass","scientist","drill","star","ray","oil","brush","cell","cycle","paste","flute","sink","octopus","knight","tower","server","mug","nurse","train","water","train","water","nurse","server"
"3J06WJ78ITKG0I4B71UWBXIJN4YVV7","3SC1WC0NS97QRB6RV0NZ09NV95JBOD","Codenames Research","Codenames Research","sentiment, text","$0.05","Sun Aug 23 18:06:13 PDT 2020","3","BatchId:291092;OriginalHitTemplateId:921587277;","3600","259200","Sun Aug 30 18:06:13 PDT 2020","","","3ZSY5X72N3BW3BCRN78A4SUO80AROM","A36SP6892F5CYS","Submitted","Sun Aug 23 18:55:31 PDT 2020","Sun Aug 23 18:56:18 PDT 2020","Wed Aug 26 18:56:18 PDT 2020","","","","47","100% (2/2)","100% (2/2)","100% (2/2)","gloveWithHeuristicsTrial1","july","millionaire","contract","march","bug","himalayas","fire","jack","ray","pipe","piano","kid","jet","knight","olympus","rose","root","nut","comic","parachute","space","march","ray","noMoreRelatedWords","noMoreRelatedWords"
"38EHZ67RJSSESYK74EUJO0WW9WYMGS","3SC1WC0NS97QRB6RV0NZ09NV95JBOD","Codenames Research","Codenames Research","sentiment, text","$0.05","Sun Aug 23 18:06:13 PDT 2020","3","BatchId:291092;OriginalHitTemplateId:921587277;","3600","259200","Sun Aug 30 18:06:13 PDT 2020","","","3D8YOU6S9KKYUXY4R5HLS3VHUZKU64","A36SP6892F5CYS","Submitted","Sun Aug 23 18:32:14 PDT 2020","Sun Aug 23 18:32:42 PDT 2020","Wed Aug 26 18:32:42 PDT 2020","","","","28","100% (2/2)","100% (2/2)","100% (2/2)","gloveWithHeuristicsTrial2","vehicles","fan","car","whip","pistol","bug","fire","phoenix","bison","ice","needle","heart","row","shoe","moon","spider","africa","tower","tag","mammoth","fish","car","whip","tower","noMoreRelatedWords"
"336OE47KJ8KTF74GXBZSXZ1XUD0VWH","3SC1WC0NS97QRB6RV0NZ09NV95JBOD","Codenames Research","Codenames Research","sentiment, text","$0.05","Sun Aug 23 18:06:13 PDT 2020","3","BatchId:291092;OriginalHitTemplateId:921587277;","3600","259200","Sun Aug 30 18:06:13 PDT 2020","","","3TMSXRD2XC0GFFMCGZK5FVPX74FW17","A36SP6892F5CYS","Submitted","Sun Aug 23 19:03:05 PDT 2020","Sun Aug 23 19:03:22 PDT 2020","Wed Aug 26 19:03:22 PDT 2020","","","","17","100% (2/2)","100% (2/2)","100% (2/2)","gloveWithHeuristicsTrial3","important","millionaire","air","mint","car","luck","hole","straw","kid","needle","duck","engine","king","spider","cliff","well","key","knight","post","ham","carrot","millionaire","king","engine","noMoreRelatedWords"
"3MGHRFQY3RPHBBY09FTRX3WNBPNY0R","3SC1WC0NS97QRB6RV0NZ09NV95JBOD","Codenames Research","Codenames Research","sentiment, text","$0.05","Sun Aug 23 18:06:13 PDT 2020","3","BatchId:291092;OriginalHitTemplateId:921587277;","3600","259200","Sun Aug 30 18:06:13 PDT 2020","","","3FFJ6VRIL7OY7VHPVZCQ0ZXFN1BI0J","A36SP6892F5CYS","Submitted","Sun Aug 23 18:48:19 PDT 2020","Sun Aug 23 18:48:49 PDT 2020","Wed Aug 26 18:48:49 PDT 2020","","","","30","100% (2/2)","100% (2/2)","100% (2/2)","gloveWithHeuristicsTrial4","resort","bark","alps","luck","pit","fish","scale","oil","compound","pool","shop","scorpion","knight","tap","fighter","hotel","rose","nut","comic","school","club","hotel","pool","shop","club"
"3RIHDBQ1OKYSSUFIOKC1908XOWBMHR","3SC1WC0NS97QRB6RV0NZ09NV95JBOD","Codenames Research","Codenames Research","sentiment, text","$0.05","Sun Aug 23 18:06:13 PDT 2020","3","BatchId:291092;OriginalHitTemplateId:921587277;","3600","259200","Sun Aug 30 18:06:13 PDT 2020","","","3NGI5ARFTZ5QV6PB4D6AN1H1E7CP15","A36SP6892F5CYS","Submitted","Sun Aug 23 18:53:24 PDT 2020","Sun Aug 23 18:54:10 PDT 2020","Wed Aug 26 18:54:10 PDT 2020","","","","46","100% (2/2)","100% (2/2)","100% (2/2)","gloveWithHeuristicsTrial5","cancer","whale","giant","calf","bottle","disease","needle","heart","vacuum","lab","engine","spider","jet","robot","ruler","state","bill","worm","ivory","parachute","space","disease","lab","heart","bill"
"39O6Z4JLY8X847967GVEZIF43F6VXA","3SC1WC0NS97QRB6RV0NZ09NV95JBOD","Codenames Research","Codenames Research","sentiment, text","$0.05","Sun Aug 23 18:06:13 PDT 2020","3","BatchId:291092;OriginalHitTemplateId:921587277;","3600","259200","Sun Aug 30 18:06:13 PDT 2020","","","3IX2EGZR7HJI20LU7UG5WWD2960RJ3","A36SP6892F5CYS","Submitted","Sun Aug 23 18:43:37 PDT 2020","Sun Aug 23 18:44:58 PDT 2020","Wed Aug 26 18:44:58 PDT 2020","","","","81","100% (2/2)","100% (2/2)","100% (2/2)","gloveWithHeuristicsTrial7","deal","contract","plate","olive","star","pyramid","phoenix","oil","brush","bar","roulette","kangaroo","litter","olympus","tap","opera","cotton","stream","satellite","school","ivory","contract","roulette","noMoreRelatedWords","noMoreRelatedWords"
"3L21G7IH5DWHI0JI5YXRB8FXGHTY1U","3SC1WC0NS97QRB6RV0NZ09NV95JBOD","Codenames Research","Codenames Research","sentiment, text","$0.05","Sun Aug 23 18:06:13 PDT 2020","3","BatchId:291092;OriginalHitTemplateId:921587277;","3600","259200","Sun Aug 30 18:06:13 PDT 2020","","","3KAKFY4PG02UONGMEMU92XVMQDVI3E","A36SP6892F5CYS","Submitted","Sun Aug 23 18:54:10 PDT 2020","Sun Aug 23 18:55:00 PDT 2020","Wed Aug 26 18:55:00 PDT 2020","","","","50","100% (2/2)","100% (2/2)","100% (2/2)","gloveWithHeuristicsTrial8","ankle","contract","olive","scientist","himalayas","scale","spot","calf","nail","bottle","needle","pool","torch","cycle","paste","litter","game","death","amazon","india","fish","calf","nail","needle","noMoreRelatedWords"
"37MQ8Z1JRKWO7L1EO2X5GRP28N7Y2B","3SC1WC0NS97QRB6RV0NZ09NV95JBOD","Codenames Research","Codenames Research","sentiment, text","$0.05","Sun Aug 23 18:06:14 PDT 2020","3","BatchId:291092;OriginalHitTemplateId:921587277;","3600","259200","Sun Aug 30 18:06:14 PDT 2020","","","317HQ483IDS1SR9WW5EOBBTSVUMNIZ","A36SP6892F5CYS","Submitted","Sun Aug 23 18:43:05 PDT 2020","Sun Aug 23 18:43:37 PDT 2020","Wed Aug 26 18:43:37 PDT 2020","","","","32","100% (2/2)","100% (2/2)","100% (2/2)","gloveWithHeuristicsTrial9","airliner","crown","cold","mint","himalayas","star","casino","spot","oil","disease","cloak","play","circle","mount","cliff","conductor","scorpion","jet","fork","mammoth","pan","jet","star","himalayas","noMoreRelatedWords"
"3Z8UJEJOD5DYR2PPKQJU0K135SN393","3SC1WC0NS97QRB6RV0NZ09NV95JBOD","Codenames Research","Codenames Research","sentiment, text","$0.05","Sun Aug 23 18:06:42 PDT 2020","3","BatchId:291092;OriginalHitTemplateId:921587277;","3600","259200","Sun Aug 30 18:06:42 PDT 2020","","","3JWH6J9I9YDR5JVQQVM7POPF042NBQ","A36SP6892F5CYS","Submitted","Sun Aug 23 18:22:42 PDT 2020","Sun Aug 23 18:23:40 PDT 2020","Wed Aug 26 18:23:40 PDT 2020","","","","58","100% (2/2)","100% (2/2)","100% (2/2)","fasttextWithHeuristicsTrial0","station","grass","scientist","drill","star","ray","oil","brush","cell","cycle","paste","flute","sink","octopus","knight","tower","server","mug","nurse","train","water","train","scientist","water","server"
"3Y3CZJSZAQT79H8FSQ7962ZHPAJR53","3SC1WC0NS97QRB6RV0NZ09NV95JBOD","Codenames Research","Codenames Research","sentiment, text","$0.05","Sun Aug 23 18:06:14 PDT 2020","3","BatchId:291092;OriginalHitTemplateId:921587277;","3600","259200","Sun Aug 30 18:06:14 PDT 2020","","","33NF62TLXP2WFW8ZHA78VKROEE6KJ3","A36SP6892F5CYS","Submitted","Sun Aug 23 18:29:33 PDT 2020","Sun Aug 23 18:30:32 PDT 2020","Wed Aug 26 18:30:32 PDT 2020","","","","59","100% (2/2)","100% (2/2)","100% (2/2)","fasttextWithHeuristicsTrial1","problem","millionaire","contract","march","bug","himalayas","fire","jack","ray","pipe","piano","kid","jet","knight","olympus","rose","root","nut","comic","parachute","space","bug","root","space","fire"
"368IUKXGBB8IG8SEKHDPTDD2KN6P6P","3SC1WC0NS97QRB6RV0NZ09NV95JBOD","Codenames Research","Codenames Research","sentiment, text","$0.05","Sun Aug 23 18:06:14 PDT 2020","3","BatchId:291092;OriginalHitTemplateId:921587277;","3600","259200","Sun Aug 30 18:06:14 PDT 2020","","","3Z9WI9EOZ5O0OQD9TA4NJ7B91M2KHY","A36SP6892F5CYS","Submitted","Sun Aug 23 18:09:05 PDT 2020","Sun Aug 23 18:11:43 PDT 2020","Wed Aug 26 18:11:43 PDT 2020","","","","158","100% (2/2)","100% (2/2)","100% (2/2)","fasttextWithHeuristicsTrial2","insect","fan","car","whip","pistol","bug","fire","phoenix","bison","ice","needle","heart","row","shoe","moon","spider","africa","tower","tag","mammoth","fish","bug","spider","noMoreRelatedWords","noMoreRelatedWords"
"36818Z1KW9DCWLZUCWXUWFCNBA53AI","3SC1WC0NS97QRB6RV0NZ09NV95JBOD","Codenames Research","Codenames Research","sentiment, text","$0.05","Sun Aug 23 18:06:42 PDT 2020","3","BatchId:291092;OriginalHitTemplateId:921587277;","3600","259200","Sun Aug 30 18:06:42 PDT 2020","","","3RANCT1ZVLH409FZNWYT3JH980VUBP","A36SP6892F5CYS","Submitted","Sun Aug 23 18:40:24 PDT 2020","Sun Aug 23 18:41:19 PDT 2020","Wed Aug 26 18:41:19 PDT 2020","","","","55","100% (2/2)","100% (2/2)","100% (2/2)","fasttextWithHeuristicsTrial3","important","millionaire","air","mint","car","luck","hole","straw","kid","needle","duck","engine","king","spider","cliff","well","key","knight","post","ham","carrot","millionaire","king","knight","engine"
"3VGET1QS06ZR4H3KFDWCRLLU8VTW7Q","3SC1WC0NS97QRB6RV0NZ09NV95JBOD","Codenames Research","Codenames Research","sentiment, text","$0.05","Sun Aug 23 18:06:42 PDT 2020","3","BatchId:291092;OriginalHitTemplateId:921587277;","3600","259200","Sun Aug 30 18:06:42 PDT 2020","","","3MH9DQ7572C0RQNA3IQ74U86ODNUG6","A36SP6892F5CYS","Submitted","Sun Aug 23 18:51:15 PDT 2020","Sun Aug 23 18:51:58 PDT 2020","Wed Aug 26 18:51:58 PDT 2020","","","","43","100% (2/2)","100% (2/2)","100% (2/2)","fasttextWithHeuristicsTrial4","restaurant","bark","alps","luck","pit","fish","scale","oil","compound","pool","shop","scorpion","knight","tap","fighter","hotel","rose","nut","comic","school","club","hotel","fish","shop","noMoreRelatedWords"
"3R6RZGK0YLCX4CZGCCHGIWMD5L0VYG","3SC1WC0NS97QRB6RV0NZ09NV95JBOD","Codenames Research","Codenames Research","sentiment, text","$0.05","Sun Aug 23 18:06:17 PDT 2020","3","BatchId:291092;OriginalHitTemplateId:921587277;","3600","259200","Sun Aug 30 18:06:17 PDT 2020","","","3HSYG7LRBPYRQGEHZV7KWZR1T36KK2","A36SP6892F5CYS","Submitted","Sun Aug 23 18:36:49 PDT 2020","Sun Aug 23 18:37:22 PDT 2020","Wed Aug 26 18:37:22 PDT 2020","","","","33","100% (2/2)","100% (2/2)","100% (2/2)","fasttextWithHeuristicsTrial5","virus","whale","giant","calf","bottle","disease","needle","heart","vacuum","lab","engine","spider","jet","robot","ruler","state","bill","worm","ivory","parachute","space","lab","disease","worm","noMoreRelatedWords"
"3RBI0I35YK3DS3XXS2BAZ1UUE17Y3M","3SC1WC0NS97QRB6RV0NZ09NV95JBOD","Codenames Research","Codenames Research","sentiment, text","$0.05","Sun Aug 23 18:06:19 PDT 2020","3","BatchId:291092;OriginalHitTemplateId:921587277;","3600","259200","Sun Aug 30 18:06:19 PDT 2020","","","35L9RVQFCUIERMILNO8PPUK73D0UH5","A36SP6892F5CYS","Submitted","Sun Aug 23 18:55:01 PDT 2020","Sun Aug 23 18:55:30 PDT 2020","Wed Aug 26 18:55:30 PDT 2020","","","","29","100% (2/2)","100% (2/2)","100% (2/2)","fasttextWithHeuristicsTrial6","shore","foot","belt","fire","kiwi","phoenix","spot","nail","vacuum","doctor","dwarf","racket","cell","cliff","suit","well","fork","diamond","mug","beach","pan","beach","cliff","noMoreRelatedWords","noMoreRelatedWords"
"3QMELQS6ZBB3SL8TX9HEY8DHL5UR6J","3SC1WC0NS97QRB6RV0NZ09NV95JBOD","Codenames Research","Codenames Research","sentiment, text","$0.05","Sun Aug 23 18:06:18 PDT 2020","3","BatchId:291092;OriginalHitTemplateId:921587277;","3600","259200","Sun Aug 30 18:06:18 PDT 2020","","","3G5W44VEUDIMOUIY94M5Y7Z8MMPKGZ","A36SP6892F5CYS","Submitted","Sun Aug 23 18:06:44 PDT 2020","Sun Aug 23 18:07:47 PDT 2020","Wed Aug 26 18:07:47 PDT 2020","","","","63","100% (2/2)","100% (2/2)","100% (2/2)","fasttextWithHeuristicsTrial7","trash","contract","plate","olive","star","pyramid","phoenix","oil","brush","bar","roulette","kangaroo","litter","olympus","tap","opera","cotton","stream","satellite","school","ivory","litter","oil","cotton","noMoreRelatedWords"
"39O0SQZVKT7MWLMYGJM64MDDGGER7I","3SC1WC0NS97QRB6RV0NZ09NV95JBOD","Codenames Research","Codenames Research","sentiment, text","$0.05","Sun Aug 23 18:06:19 PDT 2020","3","BatchId:291092;OriginalHitTemplateId:921587277;","3600","259200","Sun Aug 30 18:06:19 PDT 2020","","","3R3YRB5GRL3ZHZA7HIYX88X3QIAUAU","A36SP6892F5CYS","Submitted","Sun Aug 23 18:35:35 PDT 2020","Sun Aug 23 18:36:17 PDT 2020","Wed Aug 26 18:36:17 PDT 2020","","","","42","100% (2/2)","100% (2/2)","100% (2/2)","fasttextWithHeuristicsTrial8","brazil","contract","olive","scientist","himalayas","scale","spot","calf","nail","bottle","needle","pool","torch","cycle","paste","litter","game","death","amazon","india","fish","amazon","india","scientist","himalayas"
"3BA7SXOG2PQQWZRHQOECIM98R0KR85","3SC1WC0NS97QRB6RV0NZ09NV95JBOD","Codenames Research","Codenames Research","sentiment, text","$0.05","Sun Aug 23 18:06:19 PDT 2020","3","BatchId:291092;OriginalHitTemplateId:921587277;","3600","259200","Sun Aug 30 18:06:19 PDT 2020","","","3WI0P0II67S5ZEL2XYUUTYIP4M3RDP","A36SP6892F5CYS","Submitted","Sun Aug 23 18:13:44 PDT 2020","Sun Aug 23 18:14:30 PDT 2020","Wed Aug 26 18:14:30 PDT 2020","","","","46","100% (2/2)","100% (2/2)","100% (2/2)","fasttextWithHeuristicsTrial9","plane","crown","cold","mint","himalayas","star","casino","spot","oil","disease","cloak","play","circle","mount","cliff","conductor","scorpion","jet","fork","mammoth","pan","jet","star","conductor","noMoreRelatedWords"
"31GN6YMHMVSDNFNC3GUNMCHQV96SW9","3SC1WC0NS97QRB6RV0NZ09NV95JBOD","Codenames Research","Codenames Research","sentiment, text","$0.05","Sun Aug 23 18:06:19 PDT 2020","3","BatchId:291092;OriginalHitTemplateId:921587277;","3600","259200","Sun Aug 30 18:06:19 PDT 2020","","","3OB0CAO74NPV8V2QXP5ESFQKZ1BHYQ","A36SP6892F5CYS","Submitted","Sun Aug 23 18:44:58 PDT 2020","Sun Aug 23 18:45:34 PDT 2020","Wed Aug 26 18:45:34 PDT 2020","","","","36","100% (2/2)","100% (2/2)","100% (2/2)","babelnetWithHeuristicsTrial0","develop","grass","scientist","drill","star","ray","oil","brush","cell","cycle","paste","flute","sink","octopus","knight","tower","server","mug","nurse","train","water","scientist","cell","cycle","drill"
"39RRBHZ0B01X929L8YJZW3VFBF4VZ7","3SC1WC0NS97QRB6RV0NZ09NV95JBOD","Codenames Research","Codenames Research","sentiment, text","$0.05","Sun Aug 23 18:06:19 PDT 2020","3","BatchId:291092;OriginalHitTemplateId:921587277;","3600","259200","Sun Aug 30 18:06:19 PDT 2020","","","3LKC68YZ3G31B7TDM1IGRR250FPOWM","A36SP6892F5CYS","Submitted","Sun Aug 23 18:36:17 PDT 2020","Sun Aug 23 18:36:49 PDT 2020","Wed Aug 26 18:36:49 PDT 2020","","","","32","100% (2/2)","100% (2/2)","100% (2/2)","babelnetWithHeuristicsTrial1","plants","millionaire","contract","march","bug","himalayas","fire","jack","ray","pipe","piano","kid","jet","knight","olympus","rose","root","nut","comic","parachute","space","rose","root","nut","bug"
"3AQN9REUULGBAVZULRHMCAG65EWYDK","3SC1WC0NS97QRB6RV0NZ09NV95JBOD","Codenames Research","Codenames Research","sentiment, text","$0.05","Sun Aug 23 18:06:43 PDT 2020","3","BatchId:291092;OriginalHitTemplateId:921587277;","3600","259200","Sun Aug 30 18:06:43 PDT 2020","","","3TPZPLC3M6CM593QRHKTBUWYCRQP3X","A36SP6892F5CYS","Submitted","Sun Aug 23 18:59:32 PDT 2020","Sun Aug 23 19:00:12 PDT 2020","Wed Aug 26 19:00:12 PDT 2020","","","","40","100% (2/2)","100% (2/2)","100% (2/2)","babelnetWithHeuristicsTrial2","group","fan","car","whip","pistol","bug","fire","phoenix","bison","ice","needle","heart","row","shoe","moon","spider","africa","tower","tag","mammoth","fish","fish","mammoth","bison","noMoreRelatedWords"
"3XH7ZM9YY8UQA4ARVGKQII4JB62R9U","3SC1WC0NS97QRB6RV0NZ09NV95JBOD","Codenames Research","Codenames Research","sentiment, text","$0.05","Sun Aug 23 18:06:19 PDT 2020","3","BatchId:291092;OriginalHitTemplateId:921587277;","3600","259200","Sun Aug 30 18:06:19 PDT 2020","","","3U0SRXB7CJ5ELQCFMS8XP3UJIQ5RN7","A36SP6892F5CYS","Submitted","Sun Aug 23 18:51:59 PDT 2020","Sun Aug 23 18:52:33 PDT 2020","Wed Aug 26 18:52:33 PDT 2020","","","","34","100% (2/2)","100% (2/2)","100% (2/2)","babelnetWithHeuristicsTrial3","water","millionaire","air","mint","car","luck","hole","straw","kid","needle","duck","engine","king","spider","cliff","well","key","knight","post","ham","carrot","well","straw","noMoreRelatedWords","noMoreRelatedWords"
"3ZVPAMTJXT35PEXZ9MQ0AZQ6FJXRGL","3SC1WC0NS97QRB6RV0NZ09NV95JBOD","Codenames Research","Codenames Research","sentiment, text","$0.05","Sun Aug 23 18:06:43 PDT 2020","3","BatchId:291092;OriginalHitTemplateId:921587277;","3600","259200","Sun Aug 30 18:06:43 PDT 2020","","","3STRJBFXO2RQTZ44T4LCXQEXCGXKT8","A36SP6892F5CYS","Submitted","Sun Aug 23 19:02:41 PDT 2020","Sun Aug 23 19:03:05 PDT 2020","Wed Aug 26 19:03:05 PDT 2020","","","","24","100% (2/2)","100% (2/2)","100% (2/2)","babelnetWithHeuristicsTrial4","military","bark","alps","luck","pit","fish","scale","oil","compound","pool","shop","scorpion","knight","tap","fighter","hotel","rose","nut","comic","school","club","compound","fighter","knight","noMoreRelatedWords"
"3YGE63DIOEXDM630UEB3C6B70HNW0Q","3SC1WC0NS97QRB6RV0NZ09NV95JBOD","Codenames Research","Codenames Research","sentiment, text","$0.05","Sun Aug 23 18:06:19 PDT 2020","3","BatchId:291092;OriginalHitTemplateId:921587277;","3600","259200","Sun Aug 30 18:06:19 PDT 2020","","","3OUYGIZWRDYQOH4T8U2A9WYR9F6P02","A36SP6892F5CYS","Submitted","Sun Aug 23 18:50:23 PDT 2020","Sun Aug 23 18:51:14 PDT 2020","Wed Aug 26 18:51:14 PDT 2020","","","","51","100% (2/2)","100% (2/2)","100% (2/2)","babelnetWithHeuristicsTrial5","system","whale","giant","calf","bottle","disease","needle","heart","vacuum","lab","engine","spider","jet","robot","ruler","state","bill","worm","ivory","parachute","space","state","space","engine","robot"
"3PA41K45WT41K86J3RIHZRDYFYQP7O","3SC1WC0NS97QRB6RV0NZ09NV95JBOD","Codenames Research","Codenames Research","sentiment, text","$0.05","Sun Aug 23 18:06:19 PDT 2020","3","BatchId:291092;OriginalHitTemplateId:921587277;","3600","259200","Sun Aug 30 18:06:19 PDT 2020","","","36W0OB37H2EVDLCVTB7X6MZM5VFHZH","A36SP6892F5CYS","Submitted","Sun Aug 23 18:47:31 PDT 2020","Sun Aug 23 18:48:18 PDT 2020","Wed Aug 26 18:48:18 PDT 2020","","","","47","100% (2/2)","100% (2/2)","100% (2/2)","babelnetWithHeuristicsTrial6","handle","foot","belt","fire","kiwi","phoenix","spot","nail","vacuum","doctor","dwarf","racket","cell","cliff","suit","well","fork","diamond","mug","beach","pan","pan","mug","racket","fork"
"3IZPORCT2L9JPASATS8IVZ27UJARHK","3SC1WC0NS97QRB6RV0NZ09NV95JBOD","Codenames Research","Codenames Research","sentiment, text","$0.05","Sun Aug 23 18:06:43 PDT 2020","3","BatchId:291092;OriginalHitTemplateId:921587277;","3600","259200","Sun Aug 30 18:06:43 PDT 2020","","","3TXD01ZLDAHKFAUQ8HO6V5B3Y8EU4J","A36SP6892F5CYS","Submitted","Sun Aug 23 18:25:05 PDT 2020","Sun Aug 23 18:25:44 PDT 2020","Wed Aug 26 18:25:44 PDT 2020","","","","39","100% (2/2)","100% (2/2)","100% (2/2)","babelnetWithHeuristicsTrial7","legal","contract","plate","olive","star","pyramid","phoenix","oil","brush","bar","roulette","kangaroo","litter","olympus","tap","opera","cotton","stream","satellite","school","ivory","contract","bar","school","litter"
"3G3AJKPCYRSYAZG1SGGT96M0S13Y47","3SC1WC0NS97QRB6RV0NZ09NV95JBOD","Codenames Research","Codenames Research","sentiment, text","$0.05","Sun Aug 23 18:06:23 PDT 2020","3","BatchId:291092;OriginalHitTemplateId:921587277;","3600","259200","Sun Aug 30 18:06:23 PDT 2020","","","3IKZ72A5BAGHI076VX838EG0F2UNF8","A36SP6892F5CYS","Submitted","Sun Aug 23 18:29:04 PDT 2020","Sun Aug 23 18:29:32 PDT 2020","Wed Aug 26 18:29:32 PDT 2020","","","","28","100% (2/2)","100% (2/2)","100% (2/2)","babelnetWithHeuristicsTrial8","implement","contract","olive","scientist","himalayas","scale","spot","calf","nail","bottle","needle","pool","torch","cycle","paste","litter","game","death","amazon","india","fish","contract","cycle","scientist","noMoreRelatedWords"
"3XEDXEGFY9OMR69J50S0OVHCDAF0KZ","3SC1WC0NS97QRB6RV0NZ09NV95JBOD","Codenames Research","Codenames Research","sentiment, text","$0.05","Sun Aug 23 18:06:43 PDT 2020","3","BatchId:291092;OriginalHitTemplateId:921587277;","3600","259200","Sun Aug 30 18:06:43 PDT 2020","","","3E13VNJ1NTVYEK27RIGQE4GPSTHI1M","A36SP6892F5CYS","Submitted","Sun Aug 23 18:48:50 PDT 2020","Sun Aug 23 18:49:38 PDT 2020","Wed Aug 26 18:49:38 PDT 2020","","","","48","100% (2/2)","100% (2/2)","100% (2/2)","babelnetWithHeuristicsTrial9","plane","crown","cold","mint","himalayas","star","casino","spot","oil","disease","cloak","play","circle","mount","cliff","conductor","scorpion","jet","fork","mammoth","pan","jet","star","conductor","noMoreRelatedWords"
"3V8JSVE8Z4QG21DUHMS6ISYR5QXYED","3SC1WC0NS97QRB6RV0NZ09NV95JBOD","Codenames Research","Codenames Research","sentiment, text","$0.05","Sun Aug 23 18:06:43 PDT 2020","3","BatchId:291092;OriginalHitTemplateId:921587277;","3600","259200","Sun Aug 30 18:06:43 PDT 2020","","","3YW4XOSQKWL3NBX7LZ54X740MO4U16","A36SP6892F5CYS","Submitted","Sun Aug 23 18:12:54 PDT 2020","Sun Aug 23 18:13:44 PDT 2020","Wed Aug 26 18:13:44 PDT 2020","","","","50","100% (2/2)","100% (2/2)","100% (2/2)","word2vecWithHeuristicsTrial0","wash","grass","scientist","drill","star","ray","oil","brush","cell","cycle","paste","flute","sink","octopus","knight","tower","server","mug","nurse","train","water","water","sink","brush","mug"
"38VTL6WC5GDG6IK16LZ3EYSESXYY5C","3SC1WC0NS97QRB6RV0NZ09NV95JBOD","Codenames Research","Codenames Research","sentiment, text","$0.05","Sun Aug 23 18:06:23 PDT 2020","3","BatchId:291092;OriginalHitTemplateId:921587277;","3600","259200","Sun Aug 30 18:06:23 PDT 2020","","","3KV0LJBBH8L838RFARTXCO5JD0VRM7","A36SP6892F5CYS","Submitted","Sun Aug 23 18:46:28 PDT 2020","Sun Aug 23 18:46:57 PDT 2020","Wed Aug 26 18:46:57 PDT 2020","","","","29","100% (2/2)","100% (2/2)","100% (2/2)","word2vecWithHeuristicsTrial1","fell","millionaire","contract","march","bug","himalayas","fire","jack","ray","pipe","piano","kid","jet","knight","olympus","rose","root","nut","comic","parachute","space","parachute","space","noMoreRelatedWords","noMoreRelatedWords"
"3VIVIU06GQCSOPQ2U2UM9C9CO9QMIK","3SC1WC0NS97QRB6RV0NZ09NV95JBOD","Codenames Research","Codenames Research","sentiment, text","$0.05","Sun Aug 23 18:06:23 PDT 2020","3","BatchId:291092;OriginalHitTemplateId:921587277;","3600","259200","Sun Aug 30 18:06:23 PDT 2020","","","3MB8LZR5BLT2AMWZKVJLBZ4GI3BKL5","A36SP6892F5CYS","Submitted","Sun Aug 23 18:41:19 PDT 2020","Sun Aug 23 18:42:01 PDT 2020","Wed Aug 26 18:42:01 PDT 2020","","","","42","100% (2/2)","100% (2/2)","100% (2/2)","word2vecWithHeuristicsTrial2","worm","fan","car","whip","pistol","bug","fire","phoenix","bison","ice","needle","heart","row","shoe","moon","spider","africa","tower","tag","mammoth","fish","bug","spider","noMoreRelatedWords","noMoreRelatedWords"
"34HEO7RUHCU4FNKWNMYQEDF3HOKRA9","3SC1WC0NS97QRB6RV0NZ09NV95JBOD","Codenames Research","Codenames Research","sentiment, text","$0.05","Sun Aug 23 18:06:23 PDT 2020","3","BatchId:291092;OriginalHitTemplateId:921587277;","3600","259200","Sun Aug 30 18:06:23 PDT 2020","","","3F6KKYWMNH1KKGTA4RDDKEDF3PENDX","A36SP6892F5CYS","Submitted","Sun Aug 23 18:25:45 PDT 2020","Sun Aug 23 18:26:22 PDT 2020","Wed Aug 26 18:26:22 PDT 2020","","","","37","100% (2/2)","100% (2/2)","100% (2/2)","word2vecWithHeuristicsTrial3","important","millionaire","air","mint","car","luck","hole","straw","kid","needle","duck","engine","king","spider","cliff","well","key","knight","post","ham","carrot","millionaire","king","knight","engine"
"3D3B8GE8A8R5YRUCIOG1DN44AOEP90","3SC1WC0NS97QRB6RV0NZ09NV95JBOD","Codenames Research","Codenames Research","sentiment, text","$0.05","Sun Aug 23 18:06:23 PDT 2020","3","BatchId:291092;OriginalHitTemplateId:921587277;","3600","259200","Sun Aug 30 18:06:23 PDT 2020","","","39KFRKBFITV50COD1204CONLBNPOYL","A36SP6892F5CYS","Submitted","Sun Aug 23 18:42:01 PDT 2020","Sun Aug 23 18:42:31 PDT 2020","Wed Aug 26 18:42:31 PDT 2020","","","","30","100% (2/2)","100% (2/2)","100% (2/2)","word2vecWithHeuristicsTrial4","restaurant","bark","alps","luck","pit","fish","scale","oil","compound","pool","shop","scorpion","knight","tap","fighter","hotel","rose","nut","comic","school","club","hotel","shop","fish","noMoreRelatedWords"
"3K3IX1W4TCRJ3A4HAUU19IFOG6WPAF","3SC1WC0NS97QRB6RV0NZ09NV95JBOD","Codenames Research","Codenames Research","sentiment, text","$0.05","Sun Aug 23 18:06:24 PDT 2020","3","BatchId:291092;OriginalHitTemplateId:921587277;","3600","259200","Sun Aug 30 18:06:24 PDT 2020","","","3N4BPTXIOES5TCJTT9BM2M0ZVU4UK9","A36SP6892F5CYS","Submitted","Sun Aug 23 19:01:48 PDT 2020","Sun Aug 23 19:02:19 PDT 2020","Wed Aug 26 19:02:19 PDT 2020","","","","31","100% (2/2)","100% (2/2)","100% (2/2)","word2vecWithHeuristicsTrial5","virus","whale","giant","calf","bottle","disease","needle","heart","vacuum","lab","engine","spider","jet","robot","ruler","state","bill","worm","ivory","parachute","space","disease","lab","worm","noMoreRelatedWords"
"3KA7IJSNXC5OMK99G8UX4TZUYOHPBA","3SC1WC0NS97QRB6RV0NZ09NV95JBOD","Codenames Research","Codenames Research","sentiment, text","$0.05","Sun Aug 23 18:06:26 PDT 2020","3","BatchId:291092;OriginalHitTemplateId:921587277;","3600","259200","Sun Aug 30 18:06:26 PDT 2020","","","36TFCYNS4AA68QCGSTJC91JBXVHHXK","A36SP6892F5CYS","Submitted","Sun Aug 23 18:42:32 PDT 2020","Sun Aug 23 18:43:04 PDT 2020","Wed Aug 26 18:43:04 PDT 2020","","","","32","100% (2/2)","100% (2/2)","100% (2/2)","word2vecWithHeuristicsTrial6","headland","foot","belt","fire","kiwi","phoenix","spot","nail","vacuum","doctor","dwarf","racket","cell","cliff","suit","well","fork","diamond","mug","beach","pan","beach","cliff","noMoreRelatedWords","noMoreRelatedWords"
"3RZS0FBRXQA7WP1FU8QSFD5CG9HPCH","3SC1WC0NS97QRB6RV0NZ09NV95JBOD","Codenames Research","Codenames Research","sentiment, text","$0.05","Sun Aug 23 18:06:26 PDT 2020","3","BatchId:291092;OriginalHitTemplateId:921587277;","3600","259200","Sun Aug 30 18:06:26 PDT 2020","","","3R5F3LQFV8K552YIXO2NQVWNHHTOZC","A36SP6892F5CYS","Submitted","Sun Aug 23 18:49:38 PDT 2020","Sun Aug 23 18:50:23 PDT 2020","Wed Aug 26 18:50:23 PDT 2020","","","","45","100% (2/2)","100% (2/2)","100% (2/2)","word2vecWithHeuristicsTrial7","petroleum","contract","plate","olive","star","pyramid","phoenix","oil","brush","bar","roulette","kangaroo","litter","olympus","tap","opera","cotton","stream","satellite","school","ivory","oil","stream","tap","noMoreRelatedWords"
"3X2YVV51Q04DTVOIQXF3QBUH59TW1T","3SC1WC0NS97QRB6RV0NZ09NV95JBOD","Codenames Research","Codenames Research","sentiment, text","$0.05","Sun Aug 23 18:06:26 PDT 2020","3","BatchId:291092;OriginalHitTemplateId:921587277;","3600","259200","Sun Aug 30 18:06:26 PDT 2020","","","345LHZDED3SZXEBM83JNL0JXK8IU3Y","A36SP6892F5CYS","Submitted","Sun Aug 23 18:24:23 PDT 2020","Sun Aug 23 18:25:05 PDT 2020","Wed Aug 26 18:25:05 PDT 2020","","","","42","100% (2/2)","100% (2/2)","100% (2/2)","word2vecWithHeuristicsTrial8","usa","contract","olive","scientist","himalayas","scale","spot","calf","nail","bottle","needle","pool","torch","cycle","paste","litter","game","death","amazon","india","fish","amazon","india","himalayas","noMoreRelatedWords"
"3JMNNNO3C74KIG6E91FHVU4MXF7W2A","3SC1WC0NS97QRB6RV0NZ09NV95JBOD","Codenames Research","Codenames Research","sentiment, text","$0.05","Sun Aug 23 18:06:26 PDT 2020","3","BatchId:291092;OriginalHitTemplateId:921587277;","3600","259200","Sun Aug 30 18:06:26 PDT 2020","","","3EFE17QCRI5YC9QHYJDPAT2JIGFHSC","A36SP6892F5CYS","Submitted","Sun Aug 23 18:27:54 PDT 2020","Sun Aug 23 18:29:04 PDT 2020","Wed Aug 26 18:29:04 PDT 2020","","","","70","100% (2/2)","100% (2/2)","100% (2/2)","word2vecWithHeuristicsTrial9","dinosaur","crown","cold","mint","himalayas","star","casino","spot","oil","disease","cloak","play","circle","mount","cliff","conductor","scorpion","jet","fork","mammoth","pan","mammoth","himalayas","scorpion","disease"
"30EV7DWJU1VCPMKFB498646EOS9Y6S","3SC1WC0NS97QRB6RV0NZ09NV95JBOD","Codenames Research","Codenames Research","sentiment, text","$0.05","Sun Aug 23 18:06:27 PDT 2020","3","BatchId:291092;OriginalHitTemplateId:921587277;","3600","259200","Sun Aug 30 18:06:27 PDT 2020","","","3EJJQNKU9X5MBUQ4JUDKKJXNWEWHRO","A36SP6892F5CYS","Submitted","Sun Aug 23 18:18:11 PDT 2020","Sun Aug 23 18:18:58 PDT 2020","Wed Aug 26 18:18:58 PDT 2020","","","","47","100% (2/2)","100% (2/2)","100% (2/2)","bertWithHeuristicsTrial0","filled","grass","scientist","drill","star","ray","oil","brush","cell","cycle","paste","flute","sink","octopus","knight","tower","server","mug","nurse","train","water","sink","water","oil","paste"
"3JGHED38FJRVTMYKUEE0CI6AJ3TY7R","3SC1WC0NS97QRB6RV0NZ09NV95JBOD","Codenames Research","Codenames Research","sentiment, text","$0.05","Sun Aug 23 18:06:27 PDT 2020","3","BatchId:291092;OriginalHitTemplateId:921587277;","3600","259200","Sun Aug 30 18:06:27 PDT 2020","","","3H0W84IWBQ2ARKZ2TT5EZG0A4Y4REI","A36SP6892F5CYS","Submitted","Sun Aug 23 18:14:59 PDT 2020","Sun Aug 23 18:17:19 PDT 2020","Wed Aug 26 18:17:19 PDT 2020","","","","140","100% (2/2)","100% (2/2)","100% (2/2)","bertWithHeuristicsTrial1","primary","millionaire","contract","march","bug","himalayas","fire","jack","ray","pipe","piano","kid","jet","knight","olympus","rose","root","nut","comic","parachute","space","kid","contract","noMoreRelatedWords","noMoreRelatedWords"
"34O39PNDLC89YXPOT0YM9OZ9Z65RB4","3SC1WC0NS97QRB6RV0NZ09NV95JBOD","Codenames Research","Codenames Research","sentiment, text","$0.05","Sun Aug 23 18:06:27 PDT 2020","3","BatchId:291092;OriginalHitTemplateId:921587277;","3600","259200","Sun Aug 30 18:06:27 PDT 2020","","","3WAKVUDHU2GHYXC9AFMDYHVDPA4U73","A36SP6892F5CYS","Submitted","Sun Aug 23 18:32:42 PDT 2020","Sun Aug 23 18:33:18 PDT 2020","Wed Aug 26 18:33:18 PDT 2020","","","","36","100% (2/2)","100% (2/2)","100% (2/2)","bertWithHeuristicsTrial2","modern","fan","car","whip","pistol","bug","fire","phoenix","bison","ice","needle","heart","row","shoe","moon","spider","africa","tower","tag","mammoth","fish","car","shoe","noMoreRelatedWords","noMoreRelatedWords"
"3L2OEKSTXFAZT0334J66QI25UNZY8E","3SC1WC0NS97QRB6RV0NZ09NV95JBOD","Codenames Research","Codenames Research","sentiment, text","$0.05","Sun Aug 23 18:06:27 PDT 2020","3","BatchId:291092;OriginalHitTemplateId:921587277;","3600","259200","Sun Aug 30 18:06:27 PDT 2020","","","30OG32W0S0BPCM7A0MOXQWV031FNEQ","A36SP6892F5CYS","Submitted","Sun Aug 23 18:26:22 PDT 2020","Sun Aug 23 18:27:54 PDT 2020","Wed Aug 26 18:27:54 PDT 2020","","","","92","100% (2/2)","100% (2/2)","100% (2/2)","bertWithHeuristicsTrial3","expected","millionaire","air","mint","car","luck","hole","straw","kid","needle","duck","engine","king","spider","cliff","well","key","knight","post","ham","carrot","well","luck","key","mint"
"3FVBZG9CMPEVPG8BZFP3B31KLTB0HV","3SC1WC0NS97QRB6RV0NZ09NV95JBOD","Codenames Research","Codenames Research","sentiment, text","$0.05","Sun Aug 23 18:06:27 PDT 2020","3","BatchId:291092;OriginalHitTemplateId:921587277;","3600","259200","Sun Aug 30 18:06:27 PDT 2020","","","3K3R2QNK8H3LCG02PCKXCDMJK0SU9F","A36SP6892F5CYS","Submitted","Sun Aug 23 18:34:47 PDT 2020","Sun Aug 23 18:35:35 PDT 2020","Wed Aug 26 18:35:35 PDT 2020","","","","48","100% (2/2)","100% (2/2)","100% (2/2)","bertWithHeuristicsTrial4","complete","bark","alps","luck","pit","fish","scale","oil","compound","pool","shop","scorpion","knight","tap","fighter","hotel","rose","nut","comic","school","club","compound","scale","noMoreRelatedWords","noMoreRelatedWords"
"3VW0145YM4COJ0A8CKFMLDOC1OFMJW","3SC1WC0NS97QRB6RV0NZ09NV95JBOD","Codenames Research","Codenames Research","sentiment, text","$0.05","Sun Aug 23 18:06:27 PDT 2020","3","BatchId:291092;OriginalHitTemplateId:921587277;","3600","259200","Sun Aug 30 18:06:27 PDT 2020","","","3ZWFC4W1U072XYZYO4PKHYLAGZJRF0","A36SP6892F5CYS","Submitted","Sun Aug 23 18:17:19 PDT 2020","Sun Aug 23 18:18:10 PDT 2020","Wed Aug 26 18:18:10 PDT 2020","","","","51","100% (2/2)","100% (2/2)","100% (2/2)","bertWithHeuristicsTrial5","latter","whale","giant","calf","bottle","disease","needle","heart","vacuum","lab","engine","spider","jet","robot","ruler","state","bill","worm","ivory","parachute","space","disease","parachute","ruler","noMoreRelatedWords"
"32XN26MTY5JXBCR1Q0413VUR2AK0L2","3SC1WC0NS97QRB6RV0NZ09NV95JBOD","Codenames Research","Codenames Research","sentiment, text","$0.05","Sun Aug 23 18:06:43 PDT 2020","3","BatchId:291092;OriginalHitTemplateId:921587277;","3600","259200","Sun Aug 30 18:06:43 PDT 2020","","","3IHR8NYAMD17N5MURVPCLZO4QRMP4I","A36SP6892F5CYS","Submitted","Sun Aug 23 19:00:13 PDT 2020","Sun Aug 23 19:00:51 PDT 2020","Wed Aug 26 19:00:51 PDT 2020","","","","38","100% (2/2)","100% (2/2)","100% (2/2)","bertWithHeuristicsTrial6","particularly","foot","belt","fire","kiwi","phoenix","spot","nail","vacuum","doctor","dwarf","racket","cell","cliff","suit","well","fork","diamond","mug","beach","pan","suit","doctor","noMoreRelatedWords","noMoreRelatedWords"
"3X2LT8FDI2IV4V83PIOI5LHPJFZW8D","3SC1WC0NS97QRB6RV0NZ09NV95JBOD","Codenames Research","Codenames Research","sentiment, text","$0.05","Sun Aug 23 18:06:43 PDT 2020","3","BatchId:291092;OriginalHitTemplateId:921587277;","3600","259200","Sun Aug 30 18:06:43 PDT 2020","","","3W2LOLRXLHFDDKRCPFGHXBDFOV0KRV","A36SP6892F5CYS","Submitted","Sun Aug 23 18:56:18 PDT 2020","Sun Aug 23 18:57:06 PDT 2020","Wed Aug 26 18:57:06 PDT 2020","","","","48","100% (2/2)","100% (2/2)","100% (2/2)","bertWithHeuristicsTrial7","back","contract","plate","olive","star","pyramid","phoenix","oil","brush","bar","roulette","kangaroo","litter","olympus","tap","opera","cotton","stream","satellite","school","ivory","kangaroo","contract","noMoreRelatedWords","noMoreRelatedWords"
"3J9L0X0VELMVI0RDUAUW5HC03LHW92","3SC1WC0NS97QRB6RV0NZ09NV95JBOD","Codenames Research","Codenames Research","sentiment, text","$0.05","Sun Aug 23 18:06:43 PDT 2020","3","BatchId:291092;OriginalHitTemplateId:921587277;","3600","259200","Sun Aug 30 18:06:43 PDT 2020","","","39LNWE0K40WENHT5T6QAP6LM3QFUIY","A36SP6892F5CYS","Submitted","Sun Aug 23 18:57:06 PDT 2020","Sun Aug 23 18:57:48 PDT 2020","Wed Aug 26 18:57:48 PDT 2020","","","","42","100% (2/2)","100% (2/2)","100% (2/2)","bertWithHeuristicsTrial8","making","contract","olive","scientist","himalayas","scale","spot","calf","nail","bottle","needle","pool","torch","cycle","paste","litter","game","death","amazon","india","fish","fish","contract","cycle","noMoreRelatedWords"
"3JVP4ZJHEVSVLBJV5X7OBF2ZL6Q0IO","3SC1WC0NS97QRB6RV0NZ09NV95JBOD","Codenames Research","Codenames Research","sentiment, text","$0.05","Sun Aug 23 18:06:31 PDT 2020","3","BatchId:291092;OriginalHitTemplateId:921587277;","3600","259200","Sun Aug 30 18:06:31 PDT 2020","","","3QL2OFSM9CIAFONW4VI208VXIP2NCX","A36SP6892F5CYS","Submitted","Sun Aug 23 18:23:40 PDT 2020","Sun Aug 23 18:24:23 PDT 2020","Wed Aug 26 18:24:23 PDT 2020","","","","43","100% (2/2)","100% (2/2)","100% (2/2)","bertWithHeuristicsTrial9","according","crown","cold","mint","himalayas","star","casino","spot","oil","disease","cloak","play","circle","mount","cliff","conductor","scorpion","jet","fork","mammoth","pan","spot","circle","noMoreRelatedWords","noMoreRelatedWords"
"391JB9X4048JUKGQU5FYMSOPGDFMKV","3SC1WC0NS97QRB6RV0NZ09NV95JBOD","Codenames Research","Codenames Research","sentiment, text","$0.05","Sun Aug 23 18:06:31 PDT 2020","3","BatchId:291092;OriginalHitTemplateId:921587277;","3600","259200","Sun Aug 30 18:06:31 PDT 2020","","","3XCC1ODXDRBZONP72K0ETXPON1SRQU","A36SP6892F5CYS","Submitted","Sun Aug 23 19:02:19 PDT 2020","Sun Aug 23 19:02:41 PDT 2020","Wed Aug 26 19:02:41 PDT 2020","","","","22","100% (2/2)","100% (2/2)","100% (2/2)","word2vecWithoutHeuristicsTrial0","backwashed","grass","scientist","drill","star","ray","oil","brush","cell","cycle","paste","flute","sink","octopus","knight","tower","server","mug","nurse","train","water","water","mug","sink","noMoreRelatedWords"
"37Y5RYYI1V5SCFS2DLQ9OVVX4BCSX2","3SC1WC0NS97QRB6RV0NZ09NV95JBOD","Codenames Research","Codenames Research","sentiment, text","$0.05","Sun Aug 23 18:06:31 PDT 2020","3","BatchId:291092;OriginalHitTemplateId:921587277;","3600","259200","Sun Aug 30 18:06:31 PDT 2020","","","3QUO65DNQ0OOJ348R13F93H8FZEOUN","A36SP6892F5CYS","Submitted","Sun Aug 23 18:31:26 PDT 2020","Sun Aug 23 18:31:44 PDT 2020","Wed Aug 26 18:31:44 PDT 2020","","","","18","100% (2/2)","100% (2/2)","100% (2/2)","word2vecWithoutHeuristicsTrial1","thrips","millionaire","contract","march","bug","himalayas","fire","jack","ray","pipe","piano","kid","jet","knight","olympus","rose","root","nut","comic","parachute","space","jet","ray","noMoreRelatedWords","noMoreRelatedWords"
"33BFF6QPJ7B93Y2XD1TME49E3T7W3L","3SC1WC0NS97QRB6RV0NZ09NV95JBOD","Codenames Research","Codenames Research","sentiment, text","$0.05","Sun Aug 23 18:06:31 PDT 2020","3","BatchId:291092;OriginalHitTemplateId:921587277;","3600","259200","Sun Aug 30 18:06:31 PDT 2020","","","3ZAK8W07IAE3GMCPPG14J2LQHWYU03","A36SP6892F5CYS","Submitted","Sun Aug 23 18:07:52 PDT 2020","Sun Aug 23 18:09:05 PDT 2020","Wed Aug 26 18:09:05 PDT 2020","","","","73","100% (2/2)","100% (2/2)","100% (2/2)","word2vecWithoutHeuristicsTrial6","makapuu","foot","belt","fire","kiwi","phoenix","spot","nail","vacuum","doctor","dwarf","racket","cell","cliff","suit","well","fork","diamond","mug","beach","pan","beach","kiwi","fire","noMoreRelatedWords"
"3S37Y8CWJE0ULUL1DFY5O91KHT3W46","3SC1WC0NS97QRB6RV0NZ09NV95JBOD","Codenames Research","Codenames Research","sentiment, text","$0.05","Sun Aug 23 18:06:31 PDT 2020","3","BatchId:291092;OriginalHitTemplateId:921587277;","3600","259200","Sun Aug 30 18:06:31 PDT 2020","","","3QY5DC2MXXKUDQRFSYKPM98UNYNUF7","A36SP6892F5CYS","Submitted","Sun Aug 23 18:46:58 PDT 2020","Sun Aug 23 18:47:31 PDT 2020","Wed Aug 26 18:47:31 PDT 2020","","","","33","100% (2/2)","100% (2/2)","100% (2/2)","word2vecWithoutHeuristicsTrial7","ferals","contract","plate","olive","star","pyramid","phoenix","oil","brush","bar","roulette","kangaroo","litter","olympus","tap","opera","cotton","stream","satellite","school","ivory","litter","kangaroo","noMoreRelatedWords","noMoreRelatedWords"
"3KVQ0UJWQ3LCHDP1RKHFT17YHPYW5B","3SC1WC0NS97QRB6RV0NZ09NV95JBOD","Codenames Research","Codenames Research","sentiment, text","$0.05","Sun Aug 23 18:06:31 PDT 2020","3","BatchId:291092;OriginalHitTemplateId:921587277;","3600","259200","Sun Aug 30 18:06:31 PDT 2020","","","35L9RVQFCUIERMILNO8PPUK73D0HUS","A36SP6892F5CYS","Submitted","Sun Aug 23 18:37:22 PDT 2020","Sun Aug 23 18:38:49 PDT 2020","Wed Aug 26 18:38:49 PDT 2020","","","","87","100% (2/2)","100% (2/2)","100% (2/2)","word2vecWithoutHeuristicsTrial9","skillet","crown","cold","mint","himalayas","star","casino","spot","oil","disease","cloak","play","circle","mount","cliff","conductor","scorpion","jet","fork","mammoth","pan","pan","oil","fork","conductor"
"36FQTHX309RHFV4MIAXQRQWTTSQ3BD","3SC1WC0NS97QRB6RV0NZ09NV95JBOD","Codenames Research","Codenames Research","sentiment, text","$0.05","Sun Aug 23 18:06:54 PDT 2020","3","BatchId:291092;OriginalHitTemplateId:921587277;","3600","259200","Sun Aug 30 18:06:54 PDT 2020","","","3FQ5JJ512ROSYMZKW8Z0OR85NYBNKA","A36SP6892F5CYS","Submitted","Sun Aug 23 18:57:48 PDT 2020","Sun Aug 23 18:58:13 PDT 2020","Wed Aug 26 18:58:13 PDT 2020","","","","25","100% (2/2)","100% (2/2)","100% (2/2)","gloveWithoutHeuristicsTrial1","december","millionaire","contract","march","bug","himalayas","fire","jack","ray","pipe","piano","kid","jet","knight","olympus","rose","root","nut","comic","parachute","space","march","himalayas","noMoreRelatedWords","noMoreRelatedWords"
"3E9VAUV7C2EDCOWI1HQKM980KBZYAI","3SC1WC0NS97QRB6RV0NZ09NV95JBOD","Codenames Research","Codenames Research","sentiment, text","$0.05","Sun Aug 23 18:06:31 PDT 2020","3","BatchId:291092;OriginalHitTemplateId:921587277;","3600","259200","Sun Aug 30 18:06:31 PDT 2020","","","3U5NZHP4LX21ZHAP629VFOX8VW8HPW","A36SP6892F5CYS","Submitted","Sun Aug 23 18:14:31 PDT 2020","Sun Aug 23 18:14:58 PDT 2020","Wed Aug 26 18:14:58 PDT 2020","","","","27","100% (2/2)","100% (2/2)","100% (2/2)","gloveWithoutHeuristicsTrial4","downtown","bark","alps","luck","pit","fish","scale","oil","compound","pool","shop","scorpion","knight","tap","fighter","hotel","rose","nut","comic","school","club","hotel","club","school","noMoreRelatedWords"
"3L7SUC0TU0UHHU9MQC5G389G2FA0M4","3SC1WC0NS97QRB6RV0NZ09NV95JBOD","Codenames Research","Codenames Research","sentiment, text","$0.05","Sun Aug 23 18:06:43 PDT 2020","3","BatchId:291092;OriginalHitTemplateId:921587277;","3600","259200","Sun Aug 30 18:06:43 PDT 2020","","","3LPW2N6LKZ22BTYQMM7G0XHHY49U5O","A36SP6892F5CYS","Submitted","Sun Aug 23 18:30:33 PDT 2020","Sun Aug 23 18:31:25 PDT 2020","Wed Aug 26 18:31:25 PDT 2020","","","","52","100% (2/2)","100% (2/2)","100% (2/2)","gloveWithoutHeuristicsTrial6","fla.","foot","belt","fire","kiwi","phoenix","spot","nail","vacuum","doctor","dwarf","racket","cell","cliff","suit","well","fork","diamond","mug","beach","pan","fire","racket","noMoreRelatedWords","noMoreRelatedWords"
"3Q9SPIIRXPM9NJ1IMG8W1CNK93ZWAH","3SC1WC0NS97QRB6RV0NZ09NV95JBOD","Codenames Research","Codenames Research","sentiment, text","$0.05","Sun Aug 23 18:06:43 PDT 2020","3","BatchId:291092;OriginalHitTemplateId:921587277;","3600","259200","Sun Aug 30 18:06:43 PDT 2020","","","3E337GFOLF8NW0316HELQZGCGHUNG7","A36SP6892F5CYS","Submitted","Sun Aug 23 18:34:00 PDT 2020","Sun Aug 23 18:34:47 PDT 2020","Wed Aug 26 18:34:47 PDT 2020","","","","47","100% (2/2)","100% (2/2)","100% (2/2)","bertWithoutHeuristicsTrial0","beyond","grass","scientist","drill","star","ray","oil","brush","cell","cycle","paste","flute","sink","octopus","knight","tower","server","mug","nurse","train","water","star","ray","train","noMoreRelatedWords"
"3PGQRAZX18KHCKICIHCB79266H6SY8","3SC1WC0NS97QRB6RV0NZ09NV95JBOD","Codenames Research","Codenames Research","sentiment, text","$0.05","Sun Aug 23 18:06:35 PDT 2020","3","BatchId:291092;OriginalHitTemplateId:921587277;","3600","259200","Sun Aug 30 18:06:35 PDT 2020","","","3VJ40NV2QON9JQPJRWD547V6WL7OTW","A36SP6892F5CYS","Submitted","Sun Aug 23 18:18:59 PDT 2020","Sun Aug 23 18:20:09 PDT 2020","Wed Aug 26 18:20:09 PDT 2020","","","","70","100% (2/2)","100% (2/2)","100% (2/2)","bertWithoutHeuristicsTrial1","cause","millionaire","contract","march","bug","himalayas","fire","jack","ray","pipe","piano","kid","jet","knight","olympus","rose","root","nut","comic","parachute","space","root","contract","bug","noMoreRelatedWords"
"3EGKVCRQG2SIVY1A7VQGHKS62TKYBD","3SC1WC0NS97QRB6RV0NZ09NV95JBOD","Codenames Research","Codenames Research","sentiment, text","$0.05","Sun Aug 23 18:06:35 PDT 2020","3","BatchId:291092;OriginalHitTemplateId:921587277;","3600","259200","Sun Aug 30 18:06:35 PDT 2020","","","39ZSFO5CAEWAISDBBOBA170MG54UJA","A36SP6892F5CYS","Submitted","Sun Aug 23 18:58:13 PDT 2020","Sun Aug 23 18:59:04 PDT 2020","Wed Aug 26 18:59:04 PDT 2020","","","","51","100% (2/2)","100% (2/2)","100% (2/2)","bertWithoutHeuristicsTrial3","blood","millionaire","air","mint","car","luck","hole","straw","kid","needle","duck","engine","king","spider","cliff","well","key","knight","post","ham","carrot","needle","spider","hole","noMoreRelatedWords"
"30Y6N4AHZVW2DUN87WPS4EN92RHRDB","3SC1WC0NS97QRB6RV0NZ09NV95JBOD","Codenames Research","Codenames Research","sentiment, text","$0.05","Sun Aug 23 18:06:35 PDT 2020","3","BatchId:291092;OriginalHitTemplateId:921587277;","3600","259200","Sun Aug 30 18:06:35 PDT 2020","","","3W2LOLRXLHFDDKRCPFGHXBDFOV0RK2","A36SP6892F5CYS","Submitted","Sun Aug 23 18:45:35 PDT 2020","Sun Aug 23 18:46:27 PDT 2020","Wed Aug 26 18:46:27 PDT 2020","","","","52","100% (2/2)","100% (2/2)","100% (2/2)","bertWithoutHeuristicsTrial4","feet","bark","alps","luck","pit","fish","scale","oil","compound","pool","shop","scorpion","knight","tap","fighter","hotel","rose","nut","comic","school","club","scale","knight","scorpion","fighter"
"3LG268AV4E6750183R0CAW5U23IRE4","3SC1WC0NS97QRB6RV0NZ09NV95JBOD","Codenames Research","Codenames Research","sentiment, text","$0.05","Sun Aug 23 18:06:35 PDT 2020","3","BatchId:291092;OriginalHitTemplateId:921587277;","3600","259200","Sun Aug 30 18:06:35 PDT 2020","","","3G5F9DBFOVXE417LSEIULGMQHK9HVH","A36SP6892F5CYS","Submitted","Sun Aug 23 18:38:50 PDT 2020","Sun Aug 23 18:39:56 PDT 2020","Wed Aug 26 18:39:56 PDT 2020","","","","66","100% (2/2)","100% (2/2)","100% (2/2)","bertWithoutHeuristicsTrial5","black","whale","giant","calf","bottle","disease","needle","heart","vacuum","lab","engine","spider","jet","robot","ruler","state","bill","worm","ivory","parachute","space","spider","whale","space","ivory"
"38F60IALBMHLUPZ6Z96SPM48WN5T0X","3SC1WC0NS97QRB6RV0NZ09NV95JBOD","Codenames Research","Codenames Research","sentiment, text","$0.05","Sun Aug 23 18:06:43 PDT 2020","3","BatchId:291092;OriginalHitTemplateId:921587277;","3600","259200","Sun Aug 30 18:06:43 PDT 2020","","","3AAPLD8UCIHZR93WNJIFKYY5KZTHT1","A36SP6892F5CYS","Submitted","Sun Aug 23 18:33:18 PDT 2020","Sun Aug 23 18:34:00 PDT 2020","Wed Aug 26 18:34:00 PDT 2020","","","","42","100% (2/2)","100% (2/2)","100% (2/2)","bertWithoutHeuristicsTrial6","finish","foot","belt","fire","kiwi","phoenix","spot","nail","vacuum","doctor","dwarf","racket","cell","cliff","suit","well","fork","diamond","mug","beach","pan","well","spot","noMoreRelatedWords","noMoreRelatedWords"
"3J9UN9O9K9SRGM31NFSONGHZYLF0J0","3SC1WC0NS97QRB6RV0NZ09NV95JBOD","Codenames Research","Codenames Research","sentiment, text","$0.05","Sun Aug 23 18:06:35 PDT 2020","3","BatchId:291092;OriginalHitTemplateId:921587277;","3600","259200","Sun Aug 30 18:06:35 PDT 2020","","","31LM9EDVORSXN2T2ENZONC8S89BNJB","A36SP6892F5CYS","Submitted","Sun Aug 23 18:52:34 PDT 2020","Sun Aug 23 18:53:23 PDT 2020","Wed Aug 26 18:53:23 PDT 2020","","","","49","100% (2/2)","100% (2/2)","100% (2/2)","bertWithoutHeuristicsTrial7","error","contract","plate","olive","star","pyramid","phoenix","oil","brush","bar","roulette","kangaroo","litter","olympus","tap","opera","cotton","stream","satellite","school","ivory","roulette","school","noMoreRelatedWords","noMoreRelatedWords"
"33CLA8O0NOBZBE14Y2KISEQUE4XRFM","3SC1WC0NS97QRB6RV0NZ09NV95JBOD","Codenames Research","Codenames Research","sentiment, text","$0.05","Sun Aug 23 18:06:35 PDT 2020","3","BatchId:291092;OriginalHitTemplateId:921587277;","3600","259200","Sun Aug 30 18:06:35 PDT 2020","","","3JPSL1DZ5YZMM9QYKHMBUD59IMHNAV","A36SP6892F5CYS","Submitted","Sun Aug 23 18:11:43 PDT 2020","Sun Aug 23 18:12:54 PDT 2020","Wed Aug 26 18:12:54 PDT 2020","","","","71","100% (2/2)","100% (2/2)","100% (2/2)","bertWithoutHeuristicsTrial8","period","contract","olive","scientist","himalayas","scale","spot","calf","nail","bottle","needle","pool","torch","cycle","paste","litter","game","death","amazon","india","fish","cycle","scale","death","noMoreRelatedWords"
"3D42WVSDIEV88FDQCXCC0AJRHRCYFV","3SC1WC0NS97QRB6RV0NZ09NV95JBOD","Codenames Research","Codenames Research","sentiment, text","$0.05","Sun Aug 23 18:06:43 PDT 2020","3","BatchId:291092;OriginalHitTemplateId:921587277;","3600","259200","Sun Aug 30 18:06:43 PDT 2020","","","3R2UR8A0IGGG07Y3W6E2TAGC9HVOXF","A36SP6892F5CYS","Submitted","Sun Aug 23 18:39:57 PDT 2020","Sun Aug 23 18:40:23 PDT 2020","Wed Aug 26 18:40:23 PDT 2020","","","","26","100% (2/2)","100% (2/2)","100% (2/2)","bertWithoutHeuristicsTrial9","object","crown","cold","mint","himalayas","star","casino","spot","oil","disease","cloak","play","circle","mount","cliff","conductor","scorpion","jet","fork","mammoth","pan","crown","fork","pan","cloak"
"371Q3BEXEN9HHASHE3EULGB8CBASZZ","3SC1WC0NS97QRB6RV0NZ09NV95JBOD","Codenames Research","Codenames Research","sentiment, text","$0.05","Sun Aug 23 18:06:35 PDT 2020","3","BatchId:291092;OriginalHitTemplateId:921587277;","3600","259200","Sun Aug 30 18:06:35 PDT 2020","","","3KGTPGBS63LACWF3435I2QE5EUIU2N","A36SP6892F5CYS","Submitted","Sun Aug 23 18:20:09 PDT 2020","Sun Aug 23 18:22:41 PDT 2020","Wed Aug 26 18:22:41 PDT 2020","","","","152","100% (2/2)","100% (2/2)","100% (2/2)","fasttextWithoutHeuristicsTrial0","wash","grass","scientist","drill","star","ray","oil","brush","cell","cycle","paste","flute","sink","octopus","knight","tower","server","mug","nurse","train","water","water","sink","cycle","mug"
"3CESM1J3FO380HPFW3RKL7LYDK9W6R","3SC1WC0NS97QRB6RV0NZ09NV95JBOD","Codenames Research","Codenames Research","sentiment, text","$0.05","Sun Aug 23 18:06:35 PDT 2020","3","BatchId:291092;OriginalHitTemplateId:921587277;","3600","259200","Sun Aug 30 18:06:35 PDT 2020","","","3VFJCI1K45Z8BYVTZOV2ZJLMHEJRGZ","A36SP6892F5CYS","Submitted","Sun Aug 23 18:31:44 PDT 2020","Sun Aug 23 18:32:14 PDT 2020","Wed Aug 26 18:32:14 PDT 2020","","","","30","100% (2/2)","100% (2/2)","100% (2/2)","fasttextWithoutHeuristicsTrial9","tuskers","crown","cold","mint","himalayas","star","casino","spot","oil","disease","cloak","play","circle","mount","cliff","conductor","scorpion","jet","fork","mammoth","pan","mammoth","himalayas","cold","play"3ZVPAMTJXT35PEXZ9MQ0AZQ6FJXRGL,3SC1WC0NS97QRB6RV0NZ09NV95JBOD,Codenames Research,Codenames Research,"sentiment, text",$0.05,Sun Aug 23 18:06:43 PDT 2020,3,BatchId:291092;OriginalHitTemplateId:921587277;,3600,259200,Sun Aug 30 18:06:43 PDT 2020,,,3STRJBFXO2RQTZ44T4LCXQEXCGXKT8,A36SP6892F5CYS,Submitted,Sun Aug 23 19:02:41 PDT 2020,Sun Aug 23 19:03:05 PDT 2020,Wed Aug 26 19:03:05 PDT 2020,,,,24,100% (2/2),100% (2/2),100% (2/2),babelnetWithoutHeuristicsTrial4,military,bark,alps,luck,pit,fish,scale,oil,compound,pool,shop,scorpion,knight,tap,fighter,hotel,rose,nut,comic,school,club,compound,fighter,knight,noMoreRelatedWords,,
37MQ8Z1JRKWO7L1EO2X5GRP28N7Y2B,3SC1WC0NS97QRB6RV0NZ09NV95JBOD,Codenames Research,Codenames Research,"sentiment, text",$0.05,Sun Aug 23 18:06:14 PDT 2020,3,BatchId:291092;OriginalHitTemplateId:921587277;,3600,259200,Sun Aug 30 18:06:14 PDT 2020,,,317HQ483IDS1SR9WW5EOBBTSVUMNIZ,A36SP6892F5CYS,Submitted,Sun Aug 23 18:43:05 PDT 2020,Sun Aug 23 18:43:37 PDT 2020,Wed Aug 26 18:43:37 PDT 2020,,,,32,100% (2/2),100% (2/2),100% (2/2),gloveWithoutHeuristicsTrial9,airliner,crown,cold,mint,himalayas,star,casino,spot,oil,disease,cloak,play,circle,mount,cliff,conductor,scorpion,jet,fork,mammoth,pan,jet,star,himalayas,noMoreRelatedWords,,
368IUKXGBB8IG8SEKHDPTDD2KN6P6P,3SC1WC0NS97QRB6RV0NZ09NV95JBOD,Codenames Research,Codenames Research,"sentiment, text",$0.05,Sun Aug 23 18:06:14 PDT 2020,3,BatchId:291092;OriginalHitTemplateId:921587277;,3600,259200,Sun Aug 30 18:06:14 PDT 2020,,,3Z9WI9EOZ5O0OQD9TA4NJ7B91M2KHY,A36SP6892F5CYS,Submitted,Sun Aug 23 18:09:05 PDT 2020,Sun Aug 23 18:11:43 PDT 2020,Wed Aug 26 18:11:43 PDT 2020,,,,158,100% (2/2),100% (2/2),100% (2/2),fasttextWithoutHeuristicsTrial2,insect,fan,car,whip,pistol,bug,fire,phoenix,bison,ice,needle,heart,row,shoe,moon,spider,africa,tower,tag,mammoth,fish,bug,spider,noMoreRelatedWords,noMoreRelatedWords,,
3G3AJKPCYRSYAZG1SGGT96M0S13Y47,3SC1WC0NS97QRB6RV0NZ09NV95JBOD,Codenames Research,Codenames Research,"sentiment, text",$0.05,Sun Aug 23 18:06:23 PDT 2020,3,BatchId:291092;OriginalHitTemplateId:921587277;,3600,259200,Sun Aug 30 18:06:23 PDT 2020,,,3IKZ72A5BAGHI076VX838EG0F2UNF8,A36SP6892F5CYS,Submitted,Sun Aug 23 18:29:04 PDT 2020,Sun Aug 23 18:29:32 PDT 2020,Wed Aug 26 18:29:32 PDT 2020,,,,28,100% (2/2),100% (2/2),100% (2/2),babelnetWithoutHeuristicsTrial8,implement,contract,olive,scientist,himalayas,scale,spot,calf,nail,bottle,needle,pool,torch,cycle,paste,litter,game,death,amazon,india,fish,contract,cycle,scientist,noMoreRelatedWords,,
36818Z1KW9DCWLZUCWXUWFCNBA53AI,3SC1WC0NS97QRB6RV0NZ09NV95JBOD,Codenames Research,Codenames Research,"sentiment, text",$0.05,Sun Aug 23 18:06:42 PDT 2020,3,BatchId:291092;OriginalHitTemplateId:921587277;,3600,259200,Sun Aug 30 18:06:42 PDT 2020,,,3RANCT1ZVLH409FZNWYT3JH980VUBP,A36SP6892F5CYS,Submitted,Sun Aug 23 18:40:24 PDT 2020,Sun Aug 23 18:41:19 PDT 2020,Wed Aug 26 18:41:19 PDT 2020,,,,55,100% (2/2),100% (2/2),100% (2/2),fasttextWithoutHeuristicsTrial3,important,millionaire,air,mint,car,luck,hole,straw,kid,needle,duck,engine,king,spider,cliff,well,key,knight,post,ham,carrot,millionaire,king,knight,engine,,
34O39PNDLC89YXPOT0YM9OZ9Z65RB4,3SC1WC0NS97QRB6RV0NZ09NV95JBOD,Codenames Research,Codenames Research,"sentiment, text",$0.05,Sun Aug 23 18:06:27 PDT 2020,3,BatchId:291092;OriginalHitTemplateId:921587277;,3600,259200,Sun Aug 30 18:06:27 PDT 2020,,,3WAKVUDHU2GHYXC9AFMDYHVDPA4U73,A36SP6892F5CYS,Submitted,Sun Aug 23 18:32:42 PDT 2020,Sun Aug 23 18:33:18 PDT 2020,Wed Aug 26 18:33:18 PDT 2020,,,,36,100% (2/2),100% (2/2),100% (2/2),bertWithoutHeuristicsTrial2,modern,fan,car,whip,pistol,bug,fire,phoenix,bison,ice,needle,heart,row,shoe,moon,spider,africa,tower,tag,mammoth,fish,car,shoe,noMoreRelatedWords,noMoreRelatedWords,,
3L21G7IH5DWHI0JI5YXRB8FXGHTY1U,3SC1WC0NS97QRB6RV0NZ09NV95JBOD,Codenames Research,Codenames Research,"sentiment, text",$0.05,Sun Aug 23 18:06:13 PDT 2020,3,BatchId:291092;OriginalHitTemplateId:921587277;,3600,259200,Sun Aug 30 18:06:13 PDT 2020,,,3KAKFY4PG02UONGMEMU92XVMQDVI3E,A36SP6892F5CYS,Submitted,Sun Aug 23 18:54:10 PDT 2020,Sun Aug 23 18:55:00 PDT 2020,Wed Aug 26 18:55:00 PDT 2020,,,,50,100% (2/2),100% (2/2),100% (2/2),gloveWithoutHeuristicsTrial8,ankle,contract,olive,scientist,himalayas,scale,spot,calf,nail,bottle,needle,pool,torch,cycle,paste,litter,game,death,amazon,india,fish,calf,nail,needle,noMoreRelatedWords,,
3IZPORCT2L9JPASATS8IVZ27UJARHK,3SC1WC0NS97QRB6RV0NZ09NV95JBOD,Codenames Research,Codenames Research,"sentiment, text",$0.05,Sun Aug 23 18:06:43 PDT 2020,3,BatchId:291092;OriginalHitTemplateId:921587277;,3600,259200,Sun Aug 30 18:06:43 PDT 2020,,,3TXD01ZLDAHKFAUQ8HO6V5B3Y8EU4J,A36SP6892F5CYS,Submitted,Sun Aug 23 18:25:05 PDT 2020,Sun Aug 23 18:25:44 PDT 2020,Wed Aug 26 18:25:44 PDT 2020,,,,39,100% (2/2),100% (2/2),100% (2/2),babelnetWithoutHeuristicsTrial7,legal,contract,plate,olive,star,pyramid,phoenix,oil,brush,bar,roulette,kangaroo,litter,olympus,tap,opera,cotton,stream,satellite,school,ivory,contract,bar,school,litter,,
3VGET1QS06ZR4H3KFDWCRLLU8VTW7Q,3SC1WC0NS97QRB6RV0NZ09NV95JBOD,Codenames Research,Codenames Research,"sentiment, text",$0.05,Sun Aug 23 18:06:42 PDT 2020,3,BatchId:291092;OriginalHitTemplateId:921587277;,3600,259200,Sun Aug 30 18:06:42 PDT 2020,,,3MH9DQ7572C0RQNA3IQ74U86ODNUG6,A36SP6892F5CYS,Submitted,Sun Aug 23 18:51:15 PDT 2020,Sun Aug 23 18:51:58 PDT 2020,Wed Aug 26 18:51:58 PDT 2020,,,,43,100% (2/2),100% (2/2),100% (2/2),fasttextWithoutHeuristicsTrial4,restaurant,bark,alps,luck,pit,fish,scale,oil,compound,pool,shop,scorpion,knight,tap,fighter,hotel,rose,nut,comic,school,club,hotel,fish,shop,noMoreRelatedWords,,
3RIHDBQ1OKYSSUFIOKC1908XOWBMHR,3SC1WC0NS97QRB6RV0NZ09NV95JBOD,Codenames Research,Codenames Research,"sentiment, text",$0.05,Sun Aug 23 18:06:13 PDT 2020,3,BatchId:291092;OriginalHitTemplateId:921587277;,3600,259200,Sun Aug 30 18:06:13 PDT 2020,,,3NGI5ARFTZ5QV6PB4D6AN1H1E7CP15,A36SP6892F5CYS,Submitted,Sun Aug 23 18:53:24 PDT 2020,Sun Aug 23 18:54:10 PDT 2020,Wed Aug 26 18:54:10 PDT 2020,,,,46,100% (2/2),100% (2/2),100% (2/2),gloveWithoutHeuristicsTrial5,cancer,whale,giant,calf,bottle,disease,needle,heart,vacuum,lab,engine,spider,jet,robot,ruler,state,bill,worm,ivory,parachute,space,disease,lab,heart,bill,,
31GN6YMHMVSDNFNC3GUNMCHQV96SW9,3SC1WC0NS97QRB6RV0NZ09NV95JBOD,Codenames Research,Codenames Research,"sentiment, text",$0.05,Sun Aug 23 18:06:19 PDT 2020,3,BatchId:291092;OriginalHitTemplateId:921587277;,3600,259200,Sun Aug 30 18:06:19 PDT 2020,,,3OB0CAO74NPV8V2QXP5ESFQKZ1BHYQ,A36SP6892F5CYS,Submitted,Sun Aug 23 18:44:58 PDT 2020,Sun Aug 23 18:45:34 PDT 2020,Wed Aug 26 18:45:34 PDT 2020,,,,36,100% (2/2),100% (2/2),100% (2/2),babelnetWithoutHeuristicsTrial0,develop,grass,scientist,drill,star,ray,oil,brush,cell,cycle,paste,flute,sink,octopus,knight,tower,server,mug,nurse,train,water,scientist,cell,cycle,drill,,
3VIVIU06GQCSOPQ2U2UM9C9CO9QMIK,3SC1WC0NS97QRB6RV0NZ09NV95JBOD,Codenames Research,Codenames Research,"sentiment, text",$0.05,Sun Aug 23 18:06:23 PDT 2020,3,BatchId:291092;OriginalHitTemplateId:921587277;,3600,259200,Sun Aug 30 18:06:23 PDT 2020,,,3MB8LZR5BLT2AMWZKVJLBZ4GI3BKL5,A36SP6892F5CYS,Submitted,Sun Aug 23 18:41:19 PDT 2020,Sun Aug 23 18:42:01 PDT 2020,Wed Aug 26 18:42:01 PDT 2020,,,,42,100% (2/2),100% (2/2),100% (2/2),word2vecWithoutHeuristicsTrial2,worm,fan,car,whip,pistol,bug,fire,phoenix,bison,ice,needle,heart,row,shoe,moon,spider,africa,tower,tag,mammoth,fish,bug,spider,noMoreRelatedWords,noMoreRelatedWords,,
3R6RZGK0YLCX4CZGCCHGIWMD5L0VYG,3SC1WC0NS97QRB6RV0NZ09NV95JBOD,Codenames Research,Codenames Research,"sentiment, text",$0.05,Sun Aug 23 18:06:17 PDT 2020,3,BatchId:291092;OriginalHitTemplateId:921587277;,3600,259200,Sun Aug 30 18:06:17 PDT 2020,,,3HSYG7LRBPYRQGEHZV7KWZR1T36KK2,A36SP6892F5CYS,Submitted,Sun Aug 23 18:36:49 PDT 2020,Sun Aug 23 18:37:22 PDT 2020,Wed Aug 26 18:37:22 PDT 2020,,,,33,100% (2/2),100% (2/2),100% (2/2),fasttextWithoutHeuristicsTrial5,virus,whale,giant,calf,bottle,disease,needle,heart,vacuum,lab,engine,spider,jet,robot,ruler,state,bill,worm,ivory,parachute,space,lab,disease,worm,noMoreRelatedWords,,
38EHZ67RJSSESYK74EUJO0WW9WYMGS,3SC1WC0NS97QRB6RV0NZ09NV95JBOD,Codenames Research,Codenames Research,"sentiment, text",$0.05,Sun Aug 23 18:06:13 PDT 2020,3,BatchId:291092;OriginalHitTemplateId:921587277;,3600,259200,Sun Aug 30 18:06:13 PDT 2020,,,3D8YOU6S9KKYUXY4R5HLS3VHUZKU64,A36SP6892F5CYS,Submitted,Sun Aug 23 18:32:14 PDT 2020,Sun Aug 23 18:32:42 PDT 2020,Wed Aug 26 18:32:42 PDT 2020,,,,28,100% (2/2),100% (2/2),100% (2/2),gloveWithoutHeuristicsTrial2,vehicles,fan,car,whip,pistol,bug,fire,phoenix,bison,ice,needle,heart,row,shoe,moon,spider,africa,tower,tag,mammoth,fish,car,whip,tower,noMoreRelatedWords,,
3CVDZS289N08EYOCTUO16FWK8HYMFT,3SC1WC0NS97QRB6RV0NZ09NV95JBOD,Codenames Research,Codenames Research,"sentiment, text",$0.05,Sun Aug 23 18:06:13 PDT 2020,3,BatchId:291092;OriginalHitTemplateId:921587277;,3600,259200,Sun Aug 30 18:06:13 PDT 2020,,,3WYGZ5XF32FPEZRP44GMNLIBAXJKSJ,A36SP6892F5CYS,Submitted,Sun Aug 23 18:59:05 PDT 2020,Sun Aug 23 18:59:32 PDT 2020,Wed Aug 26 18:59:32 PDT 2020,,,,27,100% (2/2),100% (2/2),100% (2/2),gloveWithoutHeuristicsTrial0,station,grass,scientist,drill,star,ray,oil,brush,cell,cycle,paste,flute,sink,octopus,knight,tower,server,mug,nurse,train,water,train,water,nurse,server,,
3XH7ZM9YY8UQA4ARVGKQII4JB62R9U,3SC1WC0NS97QRB6RV0NZ09NV95JBOD,Codenames Research,Codenames Research,"sentiment, text",$0.05,Sun Aug 23 18:06:19 PDT 2020,3,BatchId:291092;OriginalHitTemplateId:921587277;,3600,259200,Sun Aug 30 18:06:19 PDT 2020,,,3U0SRXB7CJ5ELQCFMS8XP3UJIQ5RN7,A36SP6892F5CYS,Submitted,Sun Aug 23 18:51:59 PDT 2020,Sun Aug 23 18:52:33 PDT 2020,Wed Aug 26 18:52:33 PDT 2020,,,,34,100% (2/2),100% (2/2),100% (2/2),babelnetWithoutHeuristicsTrial3,water,millionaire,air,mint,car,luck,hole,straw,kid,needle,duck,engine,king,spider,cliff,well,key,knight,post,ham,carrot,well,straw,noMoreRelatedWords,noMoreRelatedWords,,
3XEDXEGFY9OMR69J50S0OVHCDAF0KZ,3SC1WC0NS97QRB6RV0NZ09NV95JBOD,Codenames Research,Codenames Research,"sentiment, text",$0.05,Sun Aug 23 18:06:43 PDT 2020,3,BatchId:291092;OriginalHitTemplateId:921587277;,3600,259200,Sun Aug 30 18:06:43 PDT 2020,,,3E13VNJ1NTVYEK27RIGQE4GPSTHI1M,A36SP6892F5CYS,Submitted,Sun Aug 23 18:48:50 PDT 2020,Sun Aug 23 18:49:38 PDT 2020,Wed Aug 26 18:49:38 PDT 2020,,,,48,100% (2/2),100% (2/2),100% (2/2),babelnetWithoutHeuristicsTrial9,plane,crown,cold,mint,himalayas,star,casino,spot,oil,disease,cloak,play,circle,mount,cliff,conductor,scorpion,jet,fork,mammoth,pan,jet,star,conductor,noMoreRelatedWords,,
3AQN9REUULGBAVZULRHMCAG65EWYDK,3SC1WC0NS97QRB6RV0NZ09NV95JBOD,Codenames Research,Codenames Research,"sentiment, text",$0.05,Sun Aug 23 18:06:43 PDT 2020,3,BatchId:291092;OriginalHitTemplateId:921587277;,3600,259200,Sun Aug 30 18:06:43 PDT 2020,,,3TPZPLC3M6CM593QRHKTBUWYCRQP3X,A36SP6892F5CYS,Submitted,Sun Aug 23 18:59:32 PDT 2020,Sun Aug 23 19:00:12 PDT 2020,Wed Aug 26 19:00:12 PDT 2020,,,,40,100% (2/2),100% (2/2),100% (2/2),babelnetWithoutHeuristicsTrial2,group,fan,car,whip,pistol,bug,fire,phoenix,bison,ice,needle,heart,row,shoe,moon,spider,africa,tower,tag,mammoth,fish,fish,mammoth,bison,noMoreRelatedWords,,
39O0SQZVKT7MWLMYGJM64MDDGGER7I,3SC1WC0NS97QRB6RV0NZ09NV95JBOD,Codenames Research,Codenames Research,"sentiment, text",$0.05,Sun Aug 23 18:06:19 PDT 2020,3,BatchId:291092;OriginalHitTemplateId:921587277;,3600,259200,Sun Aug 30 18:06:19 PDT 2020,,,3R3YRB5GRL3ZHZA7HIYX88X3QIAUAU,A36SP6892F5CYS,Submitted,Sun Aug 23 18:35:35 PDT 2020,Sun Aug 23 18:36:17 PDT 2020,Wed Aug 26 18:36:17 PDT 2020,,,,42,100% (2/2),100% (2/2),100% (2/2),fasttextWithoutHeuristicsTrial8,brazil,contract,olive,scientist,himalayas,scale,spot,calf,nail,bottle,needle,pool,torch,cycle,paste,litter,game,death,amazon,india,fish,amazon,india,scientist,himalayas,,
3QMELQS6ZBB3SL8TX9HEY8DHL5UR6J,3SC1WC0NS97QRB6RV0NZ09NV95JBOD,Codenames Research,Codenames Research,"sentiment, text",$0.05,Sun Aug 23 18:06:18 PDT 2020,3,BatchId:291092;OriginalHitTemplateId:921587277;,3600,259200,Sun Aug 30 18:06:18 PDT 2020,,,3G5W44VEUDIMOUIY94M5Y7Z8MMPKGZ,A36SP6892F5CYS,Submitted,Sun Aug 23 18:06:44 PDT 2020,Sun Aug 23 18:07:47 PDT 2020,Wed Aug 26 18:07:47 PDT 2020,,,,63,100% (2/2),100% (2/2),100% (2/2),fasttextWithoutHeuristicsTrial7,trash,contract,plate,olive,star,pyramid,phoenix,oil,brush,bar,roulette,kangaroo,litter,olympus,tap,opera,cotton,stream,satellite,school,ivory,litter,oil,cotton,noMoreRelatedWords,,
3YGE63DIOEXDM630UEB3C6B70HNW0Q,3SC1WC0NS97QRB6RV0NZ09NV95JBOD,Codenames Research,Codenames Research,"sentiment, text",$0.05,Sun Aug 23 18:06:19 PDT 2020,3,BatchId:291092;OriginalHitTemplateId:921587277;,3600,259200,Sun Aug 30 18:06:19 PDT 2020,,,3OUYGIZWRDYQOH4T8U2A9WYR9F6P02,A36SP6892F5CYS,Submitted,Sun Aug 23 18:50:23 PDT 2020,Sun Aug 23 18:51:14 PDT 2020,Wed Aug 26 18:51:14 PDT 2020,,,,51,100% (2/2),100% (2/2),100% (2/2),babelnetWithoutHeuristicsTrial5,system,whale,giant,calf,bottle,disease,needle,heart,vacuum,lab,engine,spider,jet,robot,ruler,state,bill,worm,ivory,parachute,space,state,space,engine,robot,,
34HEO7RUHCU4FNKWNMYQEDF3HOKRA9,3SC1WC0NS97QRB6RV0NZ09NV95JBOD,Codenames Research,Codenames Research,"sentiment, text",$0.05,Sun Aug 23 18:06:23 PDT 2020,3,BatchId:291092;OriginalHitTemplateId:921587277;,3600,259200,Sun Aug 30 18:06:23 PDT 2020,,,3F6KKYWMNH1KKGTA4RDDKEDF3PENDX,A36SP6892F5CYS,Submitted,Sun Aug 23 18:25:45 PDT 2020,Sun Aug 23 18:26:22 PDT 2020,Wed Aug 26 18:26:22 PDT 2020,,,,37,100% (2/2),100% (2/2),100% (2/2),word2vecWithoutHeuristicsTrial3,important,millionaire,air,mint,car,luck,hole,straw,kid,needle,duck,engine,king,spider,cliff,well,key,knight,post,ham,carrot,millionaire,king,knight,engine,,
3RBI0I35YK3DS3XXS2BAZ1UUE17Y3M,3SC1WC0NS97QRB6RV0NZ09NV95JBOD,Codenames Research,Codenames Research,"sentiment, text",$0.05,Sun Aug 23 18:06:19 PDT 2020,3,BatchId:291092;OriginalHitTemplateId:921587277;,3600,259200,Sun Aug 30 18:06:19 PDT 2020,,,35L9RVQFCUIERMILNO8PPUK73D0UH5,A36SP6892F5CYS,Submitted,Sun Aug 23 18:55:01 PDT 2020,Sun Aug 23 18:55:30 PDT 2020,Wed Aug 26 18:55:30 PDT 2020,,,,29,100% (2/2),100% (2/2),100% (2/2),fasttextWithoutHeuristicsTrial6,shore,foot,belt,fire,kiwi,phoenix,spot,nail,vacuum,doctor,dwarf,racket,cell,cliff,suit,well,fork,diamond,mug,beach,pan,beach,cliff,noMoreRelatedWords,noMoreRelatedWords,,
3X2YVV51Q04DTVOIQXF3QBUH59TW1T,3SC1WC0NS97QRB6RV0NZ09NV95JBOD,Codenames Research,Codenames Research,"sentiment, text",$0.05,Sun Aug 23 18:06:26 PDT 2020,3,BatchId:291092;OriginalHitTemplateId:921587277;,3600,259200,Sun Aug 30 18:06:26 PDT 2020,,,345LHZDED3SZXEBM83JNL0JXK8IU3Y,A36SP6892F5CYS,Submitted,Sun Aug 23 18:24:23 PDT 2020,Sun Aug 23 18:25:05 PDT 2020,Wed Aug 26 18:25:05 PDT 2020,,,,42,100% (2/2),100% (2/2),100% (2/2),word2vecWithoutHeuristicsTrial8,usa,contract,olive,scientist,himalayas,scale,spot,calf,nail,bottle,needle,pool,torch,cycle,paste,litter,game,death,amazon,india,fish,amazon,india,himalayas,noMoreRelatedWords,,
3PA41K45WT41K86J3RIHZRDYFYQP7O,3SC1WC0NS97QRB6RV0NZ09NV95JBOD,Codenames Research,Codenames Research,"sentiment, text",$0.05,Sun Aug 23 18:06:19 PDT 2020,3,BatchId:291092;OriginalHitTemplateId:921587277;,3600,259200,Sun Aug 30 18:06:19 PDT 2020,,,36W0OB37H2EVDLCVTB7X6MZM5VFHZH,A36SP6892F5CYS,Submitted,Sun Aug 23 18:47:31 PDT 2020,Sun Aug 23 18:48:18 PDT 2020,Wed Aug 26 18:48:18 PDT 2020,,,,47,100% (2/2),100% (2/2),100% (2/2),babelnetWithoutHeuristicsTrial6,handle,foot,belt,fire,kiwi,phoenix,spot,nail,vacuum,doctor,dwarf,racket,cell,cliff,suit,well,fork,diamond,mug,beach,pan,pan,mug,racket,fork,,
3D3B8GE8A8R5YRUCIOG1DN44AOEP90,3SC1WC0NS97QRB6RV0NZ09NV95JBOD,Codenames Research,Codenames Research,"sentiment, text",$0.05,Sun Aug 23 18:06:23 PDT 2020,3,BatchId:291092;OriginalHitTemplateId:921587277;,3600,259200,Sun Aug 30 18:06:23 PDT 2020,,,39KFRKBFITV50COD1204CONLBNPOYL,A36SP6892F5CYS,Submitted,Sun Aug 23 18:42:01 PDT 2020,Sun Aug 23 18:42:31 PDT 2020,Wed Aug 26 18:42:31 PDT 2020,,,,30,100% (2/2),100% (2/2),100% (2/2),word2vecWithoutHeuristicsTrial4,restaurant,bark,alps,luck,pit,fish,scale,oil,compound,pool,shop,scorpion,knight,tap,fighter,hotel,rose,nut,comic,school,club,hotel,shop,fish,noMoreRelatedWords,,
336OE47KJ8KTF74GXBZSXZ1XUD0VWH,3SC1WC0NS97QRB6RV0NZ09NV95JBOD,Codenames Research,Codenames Research,"sentiment, text",$0.05,Sun Aug 23 18:06:13 PDT 2020,3,BatchId:291092;OriginalHitTemplateId:921587277;,3600,259200,Sun Aug 30 18:06:13 PDT 2020,,,3TMSXRD2XC0GFFMCGZK5FVPX74FW17,A36SP6892F5CYS,Submitted,Sun Aug 23 19:03:05 PDT 2020,Sun Aug 23 19:03:22 PDT 2020,Wed Aug 26 19:03:22 PDT 2020,,,,17,100% (2/2),100% (2/2),100% (2/2),gloveWithoutHeuristicsTrial3,important,millionaire,air,mint,car,luck,hole,straw,kid,needle,duck,engine,king,spider,cliff,well,key,knight,post,ham,carrot,millionaire,king,engine,noMoreRelatedWords,,
3Y3CZJSZAQT79H8FSQ7962ZHPAJR53,3SC1WC0NS97QRB6RV0NZ09NV95JBOD,Codenames Research,Codenames Research,"sentiment, text",$0.05,Sun Aug 23 18:06:14 PDT 2020,3,BatchId:291092;OriginalHitTemplateId:921587277;,3600,259200,Sun Aug 30 18:06:14 PDT 2020,,,33NF62TLXP2WFW8ZHA78VKROEE6KJ3,A36SP6892F5CYS,Submitted,Sun Aug 23 18:29:33 PDT 2020,Sun Aug 23 18:30:32 PDT 2020,Wed Aug 26 18:30:32 PDT 2020,,,,59,100% (2/2),100% (2/2),100% (2/2),fasttextWithoutHeuristicsTrial1,problem,millionaire,contract,march,bug,himalayas,fire,jack,ray,pipe,piano,kid,jet,knight,olympus,rose,root,nut,comic,parachute,space,bug,root,space,fire,,
39RRBHZ0B01X929L8YJZW3VFBF4VZ7,3SC1WC0NS97QRB6RV0NZ09NV95JBOD,Codenames Research,Codenames Research,"sentiment, text",$0.05,Sun Aug 23 18:06:19 PDT 2020,3,BatchId:291092;OriginalHitTemplateId:921587277;,3600,259200,Sun Aug 30 18:06:19 PDT 2020,,,3LKC68YZ3G31B7TDM1IGRR250FPOWM,A36SP6892F5CYS,Submitted,Sun Aug 23 18:36:17 PDT 2020,Sun Aug 23 18:36:49 PDT 2020,Wed Aug 26 18:36:49 PDT 2020,,,,32,100% (2/2),100% (2/2),100% (2/2),babelnetWithoutHeuristicsTrial1,plants,millionaire,contract,march,bug,himalayas,fire,jack,ray,pipe,piano,kid,jet,knight,olympus,rose,root,nut,comic,parachute,space,rose,root,nut,bug,,
39O6Z4JLY8X847967GVEZIF43F6VXA,3SC1WC0NS97QRB6RV0NZ09NV95JBOD,Codenames Research,Codenames Research,"sentiment, text",$0.05,Sun Aug 23 18:06:13 PDT 2020,3,BatchId:291092;OriginalHitTemplateId:921587277;,3600,259200,Sun Aug 30 18:06:13 PDT 2020,,,3IX2EGZR7HJI20LU7UG5WWD2960RJ3,A36SP6892F5CYS,Submitted,Sun Aug 23 18:43:37 PDT 2020,Sun Aug 23 18:44:58 PDT 2020,Wed Aug 26 18:44:58 PDT 2020,,,,81,100% (2/2),100% (2/2),100% (2/2),gloveWithoutHeuristicsTrial7,deal,contract,plate,olive,star,pyramid,phoenix,oil,brush,bar,roulette,kangaroo,litter,olympus,tap,opera,cotton,stream,satellite,school,ivory,contract,roulette,noMoreRelatedWords,noMoreRelatedWords,,
3K3IX1W4TCRJ3A4HAUU19IFOG6WPAF,3SC1WC0NS97QRB6RV0NZ09NV95JBOD,Codenames Research,Codenames Research,"sentiment, text",$0.05,Sun Aug 23 18:06:24 PDT 2020,3,BatchId:291092;OriginalHitTemplateId:921587277;,3600,259200,Sun Aug 30 18:06:24 PDT 2020,,,3N4BPTXIOES5TCJTT9BM2M0ZVU4UK9,A36SP6892F5CYS,Submitted,Sun Aug 23 19:01:48 PDT 2020,Sun Aug 23 19:02:19 PDT 2020,Wed Aug 26 19:02:19 PDT 2020,,,,31,100% (2/2),100% (2/2),100% (2/2),word2vecWithoutHeuristicsTrial5,virus,whale,giant,calf,bottle,disease,needle,heart,vacuum,lab,engine,spider,jet,robot,ruler,state,bill,worm,ivory,parachute,space,disease,lab,worm,noMoreRelatedWords,,
